{
  "model_name": "XLM-RoBERTa",
  "model_hf": "xlm-roberta-base",
  "categories": [
    "Crime",
    "Education",
    "Environment",
    "Health",
    "Politics",
    "Science",
    "Sports",
    "Technology",
    "World News"
  ],
  "label2id": {
    "Crime": 0,
    "Education": 1,
    "Environment": 2,
    "Health": 3,
    "Politics": 4,
    "Science": 5,
    "Sports": 6,
    "Technology": 7,
    "World News": 8
  },
  "id2label": {
    "0": "Crime",
    "1": "Education",
    "2": "Environment",
    "3": "Health",
    "4": "Politics",
    "5": "Science",
    "6": "Sports",
    "7": "Technology",
    "8": "World News"
  },
  "metrics": {
    "accuracy": 0.8708345620760838,
    "precision": 0.8709376696964773,
    "recall": 0.8708345620760838,
    "f1": 0.8707527700987482,
    "confusion_matrix": [
      [
        269,
        7,
        6,
        1,
        10,
        2,
        6,
        2,
        4
      ],
      [
        8,
        252,
        6,
        11,
        11,
        2,
        6,
        7,
        4
      ],
      [
        8,
        2,
        444,
        5,
        8,
        12,
        3,
        4,
        11
      ],
      [
        4,
        15,
        6,
        611,
        4,
        21,
        2,
        2,
        3
      ],
      [
        12,
        10,
        16,
        5,
        239,
        1,
        2,
        9,
        14
      ],
      [
        6,
        3,
        16,
        18,
        1,
        324,
        3,
        7,
        3
      ],
      [
        9,
        5,
        3,
        2,
        8,
        2,
        276,
        2,
        1
      ],
      [
        4,
        4,
        6,
        7,
        4,
        4,
        3,
        275,
        1
      ],
      [
        4,
        2,
        11,
        1,
        14,
        7,
        4,
        1,
        263
      ]
    ],
    "report": {
      "Crime": {
        "precision": 0.8302469135802469,
        "recall": 0.8762214983713354,
        "f1-score": 0.8526148969889065,
        "support": 307.0
      },
      "Education": {
        "precision": 0.84,
        "recall": 0.8208469055374593,
        "f1-score": 0.8303130148270181,
        "support": 307.0
      },
      "Environment": {
        "precision": 0.8638132295719845,
        "recall": 0.8933601609657947,
        "f1-score": 0.8783382789317508,
        "support": 497.0
      },
      "Health": {
        "precision": 0.924357034795764,
        "recall": 0.9146706586826348,
        "f1-score": 0.9194883370955605,
        "support": 668.0
      },
      "Politics": {
        "precision": 0.7993311036789298,
        "recall": 0.775974025974026,
        "f1-score": 0.7874794069192751,
        "support": 308.0
      },
      "Science": {
        "precision": 0.864,
        "recall": 0.8503937007874016,
        "f1-score": 0.8571428571428571,
        "support": 381.0
      },
      "Sports": {
        "precision": 0.9049180327868852,
        "recall": 0.8961038961038961,
        "f1-score": 0.9004893964110929,
        "support": 308.0
      },
      "Technology": {
        "precision": 0.889967637540453,
        "recall": 0.8928571428571429,
        "f1-score": 0.8914100486223663,
        "support": 308.0
      },
      "World News": {
        "precision": 0.8651315789473685,
        "recall": 0.8566775244299675,
        "f1-score": 0.8608837970540099,
        "support": 307.0
      },
      "accuracy": 0.8708345620760838,
      "macro avg": {
        "precision": 0.8646406145446258,
        "recall": 0.8641228348566288,
        "f1-score": 0.8642400037769818,
        "support": 3391.0
      },
      "weighted avg": {
        "precision": 0.8709376696964773,
        "recall": 0.8708345620760838,
        "f1-score": 0.8707527700987482,
        "support": 3391.0
      }
    }
  },
  "max_len": 128
}